context_id,pair_id,verb,s1,s2
26,795,evaded,The ringmaster recognized which tamer the cheetah had evaded.,The ringmaster recognized which cheetah the tamer had evaded.
51,1654,serviced,The parole officer confirmed which psychologist the delinquent had serviced.,The parole officer confirmed which delinquent the psychologist had serviced.
16,479,wanted,The documentarian showed which piglets the agriculturalist had wanted.,The documentarian showed which agriculturalist the piglets had wanted.
53,1759,reached,The priest knew which exorcist the demon had reached.,The priest knew which demon the exorcist had reached.
8,211,liked,The restaurant owner forgot which waitress the customer had liked.,The restaurant owner forgot which customer the waitress had liked.
8,195,requested,The restaurant owner forgot which waitress the customer had requested.,The restaurant owner forgot which customer the waitress had requested.
11,276,helped,The nanny knew which housekeeper the billionaire had helped.,The nanny knew which billionaire the housekeeper had helped.
57,1923,injured,The cotton farmer wondered which slave the master had injured.,The cotton farmer wondered which master the slave had injured.
17,512,described,The police officer noted which burglar the jeweler had described.,The police officer noted which jeweler the burglar had described.
43,1392,cheered,The producer observed which viewers the acrobats had cheered.,The producer observed which acrobats the viewers had cheered.
41,1329,dedicated,The opera composer revealed which singer the pirate had dedicated.,The opera composer revealed which pirate the singer had dedicated.
5,115,damaged,The park ranger documented which hunter the eagle had damaged.,The park ranger documented which eagle the hunter had damaged.
57,1904,taken,The cotton farmer wondered which master the slave had taken.,The cotton farmer wondered which slave the master had taken.
49,1579,whipped,The farmer indicated which donkey the townsperson had whipped.,The farmer indicated which townsperson the donkey had whipped.
47,1523,shot,The boatman saw which diver the shark had shot.,The boatman saw which shark the diver had shot.
42,1359,spoken,The prison warden guessed which jailer the inmate had spoken.,The prison warden guessed which inmate the jailer had spoken.
4,85,shot,The historian documented which prince the assassin had shot.,The historian documented which assassin the prince had shot.
33,1015,found,The sailor saw which whale the man had found.,The sailor saw which man the whale had found.
8,191,chosen,The restaurant owner forgot which customer the waitress had chosen.,The restaurant owner forgot which waitress the customer had chosen.
43,1401,heard,The producer observed which acrobats the viewers had heard.,The producer observed which viewers the acrobats had heard.
11,305,cleaned,The nanny knew which billionaire the housekeeper had cleaned.,The nanny knew which housekeeper the billionaire had cleaned.
39,1239,adopted,The family counselor understood which daughter the stepparent had adopted.,The family counselor understood which stepparent the daughter had adopted.
7,178,stalked,The naturalist observed which predators the deer had stalked.,The naturalist observed which deer the predators had stalked.
55,1839,landed,Teresa knew which parrot the neighbor had landed.,Teresa knew which neighbor the parrot had landed.
4,78,targeted,The historian documented which assassin the prince had targeted.,The historian documented which prince the assassin had targeted.
48,1564,enlisted,The committee member guessed which president the advisors had enlisted.,The committee member guessed which advisors the president had enlisted.
25,770,splashed,The parent saw which lifeguard the child had splashed.,The parent saw which child the lifeguard had splashed.
20,612,played,The wildlife curator mentioned which ape the zookeeper had played.,The wildlife curator mentioned which zookeeper the ape had played.
4,93,executed,The historian documented which assassin the prince had executed.,The historian documented which prince the assassin had executed.
21,633,rescued,The aid worker realized which refugees the philanthropist had rescued.,The aid worker realized which philanthropist the refugees had rescued.
21,657,saved,The aid worker realized which refugees the philanthropist had saved.,The aid worker realized which philanthropist the refugees had saved.
54,1795,yelled at,Jack observed which passenger the conductor had yelled at.,Jack observed which conductor the passenger had yelled at.
16,465,chosen,The documentarian showed which piglets the agriculturalist had chosen.,The documentarian showed which agriculturalist the piglets had chosen.
34,1075,located,The sheriff recalled which gangsters the locals had located.,The sheriff recalled which locals the gangsters had located.
21,656,talked,The aid worker realized which refugees the philanthropist had talked.,The aid worker realized which philanthropist the refugees had talked.
52,1715,run,The policeman knew which suspect the detective had run.,The policeman knew which detective the suspect had run.
14,408,pranked,The birthday boy saw which clown the friend had pranked.,The birthday boy saw which friend the clown had pranked.
54,1777,omitted,Jack observed which conductor the passenger had omitted.,Jack observed which passenger the conductor had omitted.
32,991,cheated,The jail keeper forgot which prisoner the guard had cheated.,The jail keeper forgot which guard the prisoner had cheated.
21,634,found,The aid worker realized which refugees the philanthropist had found.,The aid worker realized which philanthropist the refugees had found.
8,192,offended,The restaurant owner forgot which customer the waitress had offended.,The restaurant owner forgot which waitress the customer had offended.
9,220,visited,The head nun explained which temptress the friar had visited.,The head nun explained which friar the temptress had visited.
21,666,picked,The aid worker realized which philanthropist the refugees had picked.,The aid worker realized which refugees the philanthropist had picked.
11,284,seen,The nanny knew which housekeeper the billionaire had seen.,The nanny knew which billionaire the housekeeper had seen.
27,819,documented,The travel agent recorded which guests the innkeeper had documented.,The travel agent recorded which innkeeper the guests had documented.
39,1248,hit,The family counselor understood which stepparent the daughter had hit.,The family counselor understood which daughter the stepparent had hit.
34,1043,threatened,The sheriff recalled which gangsters the locals had threatened.,The sheriff recalled which locals the gangsters had threatened.
2,41,visited,The old widower remembered which ghost the villager had visited.,The old widower remembered which villager the ghost had visited.
16,484,picked,The documentarian showed which piglets the agriculturalist had picked.,The documentarian showed which agriculturalist the piglets had picked.
52,1693,seen,The policeman knew which detective the suspect had seen.,The policeman knew which suspect the detective had seen.
28,866,swung,The bird watcher saw which photographer the hawk had swung.,The bird watcher saw which hawk the photographer had swung.
16,454,met,The documentarian showed which piglets the agriculturalist had met.,The documentarian showed which agriculturalist the piglets had met.
54,1811,kicked,Jack observed which conductor the passenger had kicked.,Jack observed which passenger the conductor had kicked.
30,914,attacked,The Indian king identified which elephant the prince had attacked.,The Indian king identified which prince the elephant had attacked.
54,1815,picked,Jack observed which passenger the conductor had picked.,Jack observed which conductor the passenger had picked.
43,1410,interviewed,The producer observed which acrobats the viewers had interviewed.,The producer observed which viewers the acrobats had interviewed.
8,200,talked,The restaurant owner forgot which customer the waitress had talked.,The restaurant owner forgot which waitress the customer had talked.
18,551,picked,The royal cook asked which lord the chef had picked.,The royal cook asked which chef the lord had picked.
17,503,stabbed,The police officer noted which burglar the jeweler had stabbed.,The police officer noted which jeweler the burglar had stabbed.
17,517,pointed at,The police officer noted which jeweler the burglar had pointed at.,The police officer noted which burglar the jeweler had pointed at.
48,1553,hired,The committee member guessed which president the advisors had hired.,The committee member guessed which advisors the president had hired.
60,2002,stopped,The security guard investigated which patrolman the loiterer had stopped.,The security guard investigated which loiterer the patrolman had stopped.
39,1249,touched,The family counselor understood which stepparent the daughter had touched.,The family counselor understood which daughter the stepparent had touched.
14,399,enjoyed,The birthday boy saw which friend the clown had enjoyed.,The birthday boy saw which clown the friend had enjoyed.
51,1677,killed,The parole officer confirmed which psychologist the delinquent had killed.,The parole officer confirmed which delinquent the psychologist had killed.
36,1142,liked,Tonia explained which conman the housewife had liked.,Tonia explained which housewife the conman had liked.
55,1832,sung,Teresa knew which parrot the neighbor had sung.,Teresa knew which neighbor the parrot had sung.
37,1170,voted for,The broadcaster explained which judge the contestant had voted for.,The broadcaster explained which contestant the judge had voted for.
25,775,poked,The parent saw which lifeguard the child had poked.,The parent saw which child the lifeguard had poked.
19,572,abused,The trapeze artist indicated which lion the trainer had abused.,The trapeze artist indicated which trainer the lion had abused.
41,1328,waited for,The opera composer revealed which pirate the singer had waited for.,The opera composer revealed which singer the pirate had waited for.
58,1937,sniffed,The farmhand recorded which breeder the goats had sniffed.,The farmhand recorded which goats the breeder had sniffed.
49,1581,seen,The farmer indicated which donkey the townsperson had seen.,The farmer indicated which townsperson the donkey had seen.
18,531,selected,The royal cook asked which lord the chef had selected.,The royal cook asked which chef the lord had selected.
3,65,spoken to,The firefighter reported which victim the paramedic had spoken to.,The firefighter reported which paramedic the victim had spoken to.
30,935,poached,The Indian king identified which prince the elephant had poached.,The Indian king identified which elephant the prince had poached.
26,793,tamed,The ringmaster recognized which tamer the cheetah had tamed.,The ringmaster recognized which cheetah the tamer had tamed.
27,828,liked,The travel agent recorded which guests the innkeeper had liked.,The travel agent recorded which innkeeper the guests had liked.
8,206,wanted,The restaurant owner forgot which customer the waitress had wanted.,The restaurant owner forgot which waitress the customer had wanted.
40,1284,escaped,The newscaster confirmed which policeman the fugitive had escaped.,The newscaster confirmed which fugitive the policeman had escaped.
43,1393,enticed,The producer observed which acrobats the viewers had enticed.,The producer observed which viewers the acrobats had enticed.
53,1765,liked,The priest knew which demon the exorcist had liked.,The priest knew which exorcist the demon had liked.
56,1900,loved,The art critic identified which model the artist had loved.,The art critic identified which artist the model had loved.
27,839,called,The travel agent recorded which guests the innkeeper had called.,The travel agent recorded which innkeeper the guests had called.
36,1131,heard,Tonia explained which housewife the conman had heard.,Tonia explained which conman the housewife had heard.
18,530,cooked for,The royal cook asked which chef the lord had cooked for.,The royal cook asked which lord the chef had cooked for.
7,164,attacked,The naturalist observed which predators the deer had attacked.,The naturalist observed which deer the predators had attacked.
27,851,served,The travel agent recorded which guests the innkeeper had served.,The travel agent recorded which innkeeper the guests had served.
13,371,been prejudiced against,Tracy announced which applicant the administrator had been prejudiced against.,Tracy announced which administrator the applicant had been prejudiced against.
30,921,shot,The Indian king identified which elephant the prince had shot.,The Indian king identified which prince the elephant had shot.
54,1787,chosen,Jack observed which conductor the passenger had chosen.,Jack observed which passenger the conductor had chosen.
38,1220,forgiven,The campaign volunteer speculated which mayor the voters had forgiven.,The campaign volunteer speculated which voters the mayor had forgiven.
12,328,befriended,The researcher learned which whale the biologist had befriended.,The researcher learned which biologist the whale had befriended.
20,606,adopted,The wildlife curator mentioned which ape the zookeeper had adopted.,The wildlife curator mentioned which zookeeper the ape had adopted.
57,1934,liked,The cotton farmer wondered which master the slave had liked.,The cotton farmer wondered which slave the master had liked.
18,533,spoken,The royal cook asked which lord the chef had spoken.,The royal cook asked which chef the lord had spoken.
4,102,hugged,The historian documented which prince the assassin had hugged.,The historian documented which assassin the prince had hugged.
34,1046,eaten,The sheriff recalled which locals the gangsters had eaten.,The sheriff recalled which gangsters the locals had eaten.
52,1686,met,The policeman knew which detective the suspect had met.,The policeman knew which suspect the detective had met.
30,916,collapsed,The Indian king identified which elephant the prince had collapsed.,The Indian king identified which prince the elephant had collapsed.
26,794,slept with,The ringmaster recognized which tamer the cheetah had slept with.,The ringmaster recognized which cheetah the tamer had slept with.
24,734,fought,The high schooler heard which geek the jock had fought.,The high schooler heard which jock the geek had fought.
21,669,liked,The aid worker realized which refugees the philanthropist had liked.,The aid worker realized which philanthropist the refugees had liked.
54,1774,taken,Jack observed which passenger the conductor had taken.,Jack observed which conductor the passenger had taken.
35,1092,murdered,The undead king recognized which zombie the woman had murdered.,The undead king recognized which woman the zombie had murdered.
17,504,forsaken,The police officer noted which burglar the jeweler had forsaken.,The police officer noted which jeweler the burglar had forsaken.
13,344,met,Tracy announced which applicant the administrator had met.,Tracy announced which administrator the applicant had met.
43,1381,trained,The producer observed which acrobats the viewers had trained.,The producer observed which viewers the acrobats had trained.
39,1232,witnessed,The family counselor understood which stepparent the daughter had witnessed.,The family counselor understood which daughter the stepparent had witnessed.
49,1596,wanted,The farmer indicated which townsperson the donkey had wanted.,The farmer indicated which donkey the townsperson had wanted.
11,281,abducted,The nanny knew which housekeeper the billionaire had abducted.,The nanny knew which billionaire the housekeeper had abducted.
46,1512,loved,The ape researcher identified which chimpanzee the poacher had loved.,The ape researcher identified which poacher the chimpanzee had loved.
15,442,stalked,The columnist publicized which photographer the celebrity had stalked.,The columnist publicized which celebrity the photographer had stalked.
48,1549,dismissed,The committee member guessed which advisors the president had dismissed.,The committee member guessed which president the advisors had dismissed.
7,168,run away,The naturalist observed which deer the predators had run away.,The naturalist observed which predators the deer had run away.
32,973,freed,The jail keeper forgot which guard the prisoner had freed.,The jail keeper forgot which prisoner the guard had freed.
39,1231,cursed,The family counselor understood which daughter the stepparent had cursed.,The family counselor understood which stepparent the daughter had cursed.
15,423,sued,The columnist publicized which celebrity the photographer had sued.,The columnist publicized which photographer the celebrity had sued.
42,1345,freed,The prison warden guessed which jailer the inmate had freed.,The prison warden guessed which inmate the jailer had freed.
11,287,dated,The nanny knew which housekeeper the billionaire had dated.,The nanny knew which billionaire the housekeeper had dated.
36,1136,beaten,Tonia explained which housewife the conman had beaten.,Tonia explained which conman the housewife had beaten.
53,1739,left,The priest knew which exorcist the demon had left.,The priest knew which demon the exorcist had left.
53,1735,avoided,The priest knew which demon the exorcist had avoided.,The priest knew which exorcist the demon had avoided.
48,1562,noticed,The committee member guessed which advisors the president had noticed.,The committee member guessed which president the advisors had noticed.
9,226,murdered,The head nun explained which friar the temptress had murdered.,The head nun explained which temptress the friar had murdered.
42,1370,shanked,The prison warden guessed which jailer the inmate had shanked.,The prison warden guessed which inmate the jailer had shanked.
16,474,raised,The documentarian showed which piglets the agriculturalist had raised.,The documentarian showed which agriculturalist the piglets had raised.
39,1244,announced,The family counselor understood which stepparent the daughter had announced.,The family counselor understood which daughter the stepparent had announced.
53,1763,possessed,The priest knew which demon the exorcist had possessed.,The priest knew which exorcist the demon had possessed.
1,18,recorded,The librarian documented which journalist the celebrities had recorded.,The librarian documented which celebrities the journalist had recorded.
40,1285,tracked,The newscaster confirmed which fugitive the policeman had tracked.,The newscaster confirmed which policeman the fugitive had tracked.
49,1577,disliked,The farmer indicated which donkey the townsperson had disliked.,The farmer indicated which townsperson the donkey had disliked.
39,1257,reprimanded,The family counselor understood which stepparent the daughter had reprimanded.,The family counselor understood which daughter the stepparent had reprimanded.
5,130,died,The park ranger documented which hunter the eagle had died.,The park ranger documented which eagle the hunter had died.
40,1287,missed,The newscaster confirmed which policeman the fugitive had missed.,The newscaster confirmed which fugitive the policeman had missed.
39,1235,blamed,The family counselor understood which stepparent the daughter had blamed.,The family counselor understood which daughter the stepparent had blamed.
44,1427,imitated,The queen recognized which nobleman the comedian had imitated.,The queen recognized which comedian the nobleman had imitated.
41,1334,beaten,The opera composer revealed which singer the pirate had beaten.,The opera composer revealed which pirate the singer had beaten.
53,1745,affected,The priest knew which demon the exorcist had affected.,The priest knew which exorcist the demon had affected.
41,1338,liked,The opera composer revealed which pirate the singer had liked.,The opera composer revealed which singer the pirate had liked.
29,893,punched,The costume designer confirmed which actor the barber had punched.,The costume designer confirmed which barber the actor had punched.
30,925,chased,The Indian king identified which elephant the prince had chased.,The Indian king identified which prince the elephant had chased.
55,1831,spotted,Teresa knew which neighbor the parrot had spotted.,Teresa knew which parrot the neighbor had spotted.
31,946,seen,The investigator discovered which couple the abductor had seen.,The investigator discovered which abductor the couple had seen.
51,1664,arrested,The parole officer confirmed which delinquent the psychologist had arrested.,The parole officer confirmed which psychologist the delinquent had arrested.
44,1418,praised,The queen recognized which comedian the nobleman had praised.,The queen recognized which nobleman the comedian had praised.
50,1609,excused,The military man knew which soldiers the general had excused.,The military man knew which general the soldiers had excused.
20,618,hit,The wildlife curator mentioned which zookeeper the ape had hit.,The wildlife curator mentioned which ape the zookeeper had hit.
13,351,acquiesced,Tracy announced which administrator the applicant had acquiesced.,Tracy announced which applicant the administrator had acquiesced.
11,294,played,The nanny knew which billionaire the housekeeper had played.,The nanny knew which housekeeper the billionaire had played.
55,1845,followed,Teresa knew which parrot the neighbor had followed.,Teresa knew which neighbor the parrot had followed.
42,1363,accosted,The prison warden guessed which inmate the jailer had accosted.,The prison warden guessed which jailer the inmate had accosted.
51,1658,met with,The parole officer confirmed which delinquent the psychologist had met with.,The parole officer confirmed which psychologist the delinquent had met with.
48,1560,NOT_RECOGNIZED ,The committee member guessed which president the advisors had NOT_RECOGNIZED .,The committee member guessed which advisors the president had NOT_RECOGNIZED .
41,1336,loved,The opera composer revealed which singer the pirate had loved.,The opera composer revealed which pirate the singer had loved.
43,1396,impressed,The producer observed which acrobats the viewers had impressed.,The producer observed which viewers the acrobats had impressed.
52,1724,killed,The policeman knew which suspect the detective had killed.,The policeman knew which detective the suspect had killed.
21,641,visited,The aid worker realized which refugees the philanthropist had visited.,The aid worker realized which philanthropist the refugees had visited.
9,250,liked,The head nun explained which temptress the friar had liked.,The head nun explained which friar the temptress had liked.
43,1412,loved,The producer observed which viewers the acrobats had loved.,The producer observed which acrobats the viewers had loved.
21,661,wanted,The aid worker realized which refugees the philanthropist had wanted.,The aid worker realized which philanthropist the refugees had wanted.
32,975,punched,The jail keeper forgot which guard the prisoner had punched.,The jail keeper forgot which prisoner the guard had punched.
24,737,admired,The high schooler heard which jock the geek had admired.,The high schooler heard which geek the jock had admired.
40,1298,assaulted,The newscaster confirmed which fugitive the policeman had assaulted.,The newscaster confirmed which policeman the fugitive had assaulted.
5,108,eaten,The park ranger documented which hunter the eagle had eaten.,The park ranger documented which eagle the hunter had eaten.
54,1776,listened,Jack observed which passenger the conductor had listened.,Jack observed which conductor the passenger had listened.
50,1637,argued,The military man knew which general the soldiers had argued.,The military man knew which soldiers the general had argued.
21,655,cured,The aid worker realized which philanthropist the refugees had cured.,The aid worker realized which refugees the philanthropist had cured.
52,1687,tricked,The policeman knew which detective the suspect had tricked.,The policeman knew which suspect the detective had tricked.
56,1880,modeled for,The art critic identified which model the artist had modeled for.,The art critic identified which artist the model had modeled for.
38,1222,won,The campaign volunteer speculated which mayor the voters had won.,The campaign volunteer speculated which voters the mayor had won.
28,884,killed,The bird watcher saw which photographer the hawk had killed.,The bird watcher saw which hawk the photographer had killed.
18,538,ordered,The royal cook asked which chef the lord had ordered.,The royal cook asked which lord the chef had ordered.
58,1965,bitten,The farmhand recorded which breeder the goats had bitten.,The farmhand recorded which goats the breeder had bitten.
9,234,worried,The head nun explained which temptress the friar had worried.,The head nun explained which friar the temptress had worried.
17,519,loved,The police officer noted which burglar the jeweler had loved.,The police officer noted which jeweler the burglar had loved.
26,781,trained,The ringmaster recognized which tamer the cheetah had trained.,The ringmaster recognized which cheetah the tamer had trained.
48,1554,selected,The committee member guessed which advisors the president had selected.,The committee member guessed which president the advisors had selected.
27,852,lied to,The travel agent recorded which guests the innkeeper had lied to.,The travel agent recorded which innkeeper the guests had lied to.
26,782,respected,The ringmaster recognized which tamer the cheetah had respected.,The ringmaster recognized which cheetah the tamer had respected.
52,1714,hit,The policeman knew which suspect the detective had hit.,The policeman knew which detective the suspect had hit.
36,1127,deceived,Tonia explained which conman the housewife had deceived.,Tonia explained which housewife the conman had deceived.
9,231,selected,The head nun explained which friar the temptress had selected.,The head nun explained which temptress the friar had selected.
8,183,hated,The restaurant owner forgot which waitress the customer had hated.,The restaurant owner forgot which customer the waitress had hated.
40,1278,searched for,The newscaster confirmed which policeman the fugitive had searched for.,The newscaster confirmed which fugitive the policeman had searched for.
19,571,needed,The trapeze artist indicated which lion the trainer had needed.,The trapeze artist indicated which trainer the lion had needed.
58,1938,eaten,The farmhand recorded which goats the breeder had eaten.,The farmhand recorded which breeder the goats had eaten.
6,152,killed,The judo master recognized which defender the assailant had killed.,The judo master recognized which assailant the defender had killed.
49,1584,disappeared,The farmer indicated which townsperson the donkey had disappeared.,The farmer indicated which donkey the townsperson had disappeared.
50,1606,hated,The military man knew which soldiers the general had hated.,The military man knew which general the soldiers had hated.
52,1723,picked,The policeman knew which suspect the detective had picked.,The policeman knew which detective the suspect had picked.
50,1619,bribed,The military man knew which soldiers the general had bribed.,The military man knew which general the soldiers had bribed.
56,1893,modeled,The art critic identified which model the artist had modeled.,The art critic identified which artist the model had modeled.
25,757,been,The parent saw which child the lifeguard had been.,The parent saw which lifeguard the child had been.
34,1063,suffocated,The sheriff recalled which gangsters the locals had suffocated.,The sheriff recalled which locals the gangsters had suffocated.
3,59,let,The firefighter reported which paramedic the victim had let.,The firefighter reported which victim the paramedic had let.
45,1470,enjoyed,The reporter inquired which animals the groomer had enjoyed.,The reporter inquired which groomer the animals had enjoyed.
60,2035,captured,The security guard investigated which patrolman the loiterer had captured.,The security guard investigated which loiterer the patrolman had captured.
29,895,chosen,The costume designer confirmed which barber the actor had chosen.,The costume designer confirmed which actor the barber had chosen.
32,1007,called for,The jail keeper forgot which prisoner the guard had called for.,The jail keeper forgot which guard the prisoner had called for.
25,756,helped,The parent saw which child the lifeguard had helped.,The parent saw which lifeguard the child had helped.
36,1107,met,Tonia explained which housewife the conman had met.,Tonia explained which conman the housewife had met.
8,204,hit,The restaurant owner forgot which waitress the customer had hit.,The restaurant owner forgot which customer the waitress had hit.
33,1017,attacked,The sailor saw which man the whale had attacked.,The sailor saw which whale the man had attacked.
7,160,feared,The naturalist observed which predators the deer had feared.,The naturalist observed which deer the predators had feared.
26,785,attacked,The ringmaster recognized which cheetah the tamer had attacked.,The ringmaster recognized which tamer the cheetah had attacked.
27,817,taken,The travel agent recorded which guests the innkeeper had taken.,The travel agent recorded which innkeeper the guests had taken.
44,1422,punished,The queen recognized which nobleman the comedian had punished.,The queen recognized which comedian the nobleman had punished.
6,154,assaulted,The judo master recognized which assailant the defender had assaulted.,The judo master recognized which defender the assailant had assaulted.
16,459,been reared by,The documentarian showed which piglets the agriculturalist had been reared by.,The documentarian showed which agriculturalist the piglets had been reared by.
30,938,loved,The Indian king identified which prince the elephant had loved.,The Indian king identified which elephant the prince had loved.
36,1126,screwed,Tonia explained which housewife the conman had screwed.,Tonia explained which conman the housewife had screwed.
56,1870,seduced,The art critic identified which artist the model had seduced.,The art critic identified which model the artist had seduced.
42,1367,called,The prison warden guessed which inmate the jailer had called.,The prison warden guessed which jailer the inmate had called.
37,1146,marked,The broadcaster explained which contestant the judge had marked.,The broadcaster explained which judge the contestant had marked.
42,1368,jailed,The prison warden guessed which inmate the jailer had jailed.,The prison warden guessed which jailer the inmate had jailed.
15,424,eaten,The columnist publicized which celebrity the photographer had eaten.,The columnist publicized which photographer the celebrity had eaten.
26,783,domesticated,The ringmaster recognized which tamer the cheetah had domesticated.,The ringmaster recognized which cheetah the tamer had domesticated.
55,1865,liked,Teresa knew which neighbor the parrot had liked.,Teresa knew which parrot the neighbor had liked.
5,121,shot,The park ranger documented which eagle the hunter had shot.,The park ranger documented which hunter the eagle had shot.
49,1595,ridden,The farmer indicated which townsperson the donkey had ridden.,The farmer indicated which donkey the townsperson had ridden.
12,326,swum,The researcher learned which biologist the whale had swum.,The researcher learned which whale the biologist had swum.
33,1014,rescued,The sailor saw which man the whale had rescued.,The sailor saw which whale the man had rescued.
35,1095,saved,The undead king recognized which zombie the woman had saved.,The undead king recognized which woman the zombie had saved.
37,1155,extolled,The broadcaster explained which judge the contestant had extolled.,The broadcaster explained which contestant the judge had extolled.
51,1655,evaluated,The parole officer confirmed which delinquent the psychologist had evaluated.,The parole officer confirmed which psychologist the delinquent had evaluated.
60,2015,shot,The security guard investigated which loiterer the patrolman had shot.,The security guard investigated which patrolman the loiterer had shot.
39,1237,smacked,The family counselor understood which stepparent the daughter had smacked.,The family counselor understood which daughter the stepparent had smacked.
8,207,asked for,The restaurant owner forgot which waitress the customer had asked for.,The restaurant owner forgot which customer the waitress had asked for.
16,458,taken,The documentarian showed which piglets the agriculturalist had taken.,The documentarian showed which agriculturalist the piglets had taken.
25,778,fondled,The parent saw which lifeguard the child had fondled.,The parent saw which child the lifeguard had fondled.
44,1454,liked,The queen recognized which nobleman the comedian had liked.,The queen recognized which comedian the nobleman had liked.
53,1750,exorcised,The priest knew which exorcist the demon had exorcised.,The priest knew which demon the exorcist had exorcised.
50,1643,picked,The military man knew which soldiers the general had picked.,The military man knew which general the soldiers had picked.
14,416,amused,The birthday boy saw which clown the friend had amused.,The birthday boy saw which friend the clown had amused.
52,1700,arrested,The policeman knew which detective the suspect had arrested.,The policeman knew which suspect the detective had arrested.
54,1817,pushed,Jack observed which conductor the passenger had pushed.,Jack observed which passenger the conductor had pushed.
24,731,fallen for,The high schooler heard which geek the jock had fallen for.,The high schooler heard which jock the geek had fallen for.
60,2019,talked to,The security guard investigated which loiterer the patrolman had talked to.,The security guard investigated which patrolman the loiterer had talked to.
25,774,confused,The parent saw which lifeguard the child had confused.,The parent saw which child the lifeguard had confused.
44,1451,sworn,The queen recognized which comedian the nobleman had sworn.,The queen recognized which nobleman the comedian had sworn.
55,1836,belonged,Teresa knew which parrot the neighbor had belonged.,Teresa knew which neighbor the parrot had belonged.
60,2033,reported,The security guard investigated which loiterer the patrolman had reported.,The security guard investigated which patrolman the loiterer had reported.
7,181,eyed,The naturalist observed which deer the predators had eyed.,The naturalist observed which predators the deer had eyed.
39,1250,called,The family counselor understood which stepparent the daughter had called.,The family counselor understood which daughter the stepparent had called.
47,1520,spotted,The boatman saw which shark the diver had spotted.,The boatman saw which diver the shark had spotted.
51,1673,treated,The parole officer confirmed which delinquent the psychologist had treated.,The parole officer confirmed which psychologist the delinquent had treated.
44,1430,knighted,The queen recognized which comedian the nobleman had knighted.,The queen recognized which nobleman the comedian had knighted.
15,439,caught,The columnist publicized which celebrity the photographer had caught.,The columnist publicized which photographer the celebrity had caught.
38,1198,seen,The campaign volunteer speculated which mayor the voters had seen.,The campaign volunteer speculated which voters the mayor had seen.
19,565,performed,The trapeze artist indicated which trainer the lion had performed.,The trapeze artist indicated which lion the trainer had performed.
24,739,hit,The high schooler heard which geek the jock had hit.,The high schooler heard which jock the geek had hit.
51,1660,punched,The parole officer confirmed which psychologist the delinquent had punched.,The parole officer confirmed which delinquent the psychologist had punched.
22,672,bothered,The camper reported which bear the girl had bothered.,The camper reported which girl the bear had bothered.
58,1956,run,The farmhand recorded which goats the breeder had run.,The farmhand recorded which breeder the goats had run.
50,1634,obeyed,The military man knew which general the soldiers had obeyed.,The military man knew which soldiers the general had obeyed.
37,1173,applauded,The broadcaster explained which judge the contestant had applauded.,The broadcaster explained which contestant the judge had applauded.
49,1599,spit on,The farmer indicated which donkey the townsperson had spit on.,The farmer indicated which townsperson the donkey had spit on.
42,1374,confronted,The prison warden guessed which inmate the jailer had confronted.,The prison warden guessed which jailer the inmate had confronted.
34,1058,victimized,The sheriff recalled which locals the gangsters had victimized.,The sheriff recalled which gangsters the locals had victimized.
54,1798,complained,Jack observed which conductor the passenger had complained.,Jack observed which passenger the conductor had complained.
23,713,noticed,The dance instructor noticed which performers the onlookers had noticed.,The dance instructor noticed which onlookers the performers had noticed.
19,554,eaten,The trapeze artist indicated which lion the trainer had eaten.,The trapeze artist indicated which trainer the lion had eaten.
17,518,tied up,The police officer noted which jeweler the burglar had tied up.,The police officer noted which burglar the jeweler had tied up.
20,598,kept,The wildlife curator mentioned which zookeeper the ape had kept.,The wildlife curator mentioned which ape the zookeeper had kept.
24,741,argued,The high schooler heard which geek the jock had argued.,The high schooler heard which jock the geek had argued.
15,449,pushed,The columnist publicized which photographer the celebrity had pushed.,The columnist publicized which celebrity the photographer had pushed.
28,859,taken,The bird watcher saw which photographer the hawk had taken.,The bird watcher saw which hawk the photographer had taken.
58,1942,taken,The farmhand recorded which goats the breeder had taken.,The farmhand recorded which breeder the goats had taken.
55,1859,bitten,Teresa knew which neighbor the parrot had bitten.,Teresa knew which parrot the neighbor had bitten.
53,1737,visited,The priest knew which demon the exorcist had visited.,The priest knew which exorcist the demon had visited.
25,763,evaded,The parent saw which lifeguard the child had evaded.,The parent saw which child the lifeguard had evaded.
27,854,told,The travel agent recorded which guests the innkeeper had told.,The travel agent recorded which innkeeper the guests had told.
3,54,helped,The firefighter reported which victim the paramedic had helped.,The firefighter reported which paramedic the victim had helped.
18,539,befriended,The royal cook asked which chef the lord had befriended.,The royal cook asked which lord the chef had befriended.
20,628,killed,The wildlife curator mentioned which ape the zookeeper had killed.,The wildlife curator mentioned which zookeeper the ape had killed.
30,923,stepped on,The Indian king identified which prince the elephant had stepped on.,The Indian king identified which elephant the prince had stepped on.
2,50,seen,The old widower remembered which villager the ghost had seen.,The old widower remembered which ghost the villager had seen.
37,1160,disqualified,The broadcaster explained which contestant the judge had disqualified.,The broadcaster explained which judge the contestant had disqualified.
37,1164,impressed,The broadcaster explained which judge the contestant had impressed.,The broadcaster explained which contestant the judge had impressed.
32,988,talked,The jail keeper forgot which guard the prisoner had talked.,The jail keeper forgot which prisoner the guard had talked.
55,1858,given,Teresa knew which neighbor the parrot had given.,Teresa knew which parrot the neighbor had given.
24,736,run over,The high schooler heard which jock the geek had run over.,The high schooler heard which geek the jock had run over.
26,798,hit,The ringmaster recognized which cheetah the tamer had hit.,The ringmaster recognized which tamer the cheetah had hit.
51,1668,requested,The parole officer confirmed which psychologist the delinquent had requested.,The parole officer confirmed which delinquent the psychologist had requested.
48,1572,slept,The committee member guessed which president the advisors had slept.,The committee member guessed which advisors the president had slept.
25,771,talked,The parent saw which lifeguard the child had talked.,The parent saw which child the lifeguard had talked.
59,1981,defeated,The four-year-old knew which dragon the hero had defeated.,The four-year-old knew which hero the dragon had defeated.
37,1171,desired,The broadcaster explained which judge the contestant had desired.,The broadcaster explained which contestant the judge had desired.
52,1689,fled,The policeman knew which detective the suspect had fled.,The policeman knew which suspect the detective had fled.
52,1713,cheated,The policeman knew which detective the suspect had cheated.,The policeman knew which suspect the detective had cheated.
12,342,bonded,The researcher learned which biologist the whale had bonded.,The researcher learned which whale the biologist had bonded.
6,151,beaten,The judo master recognized which defender the assailant had beaten.,The judo master recognized which assailant the defender had beaten.
59,1987,caught,The four-year-old knew which dragon the hero had caught.,The four-year-old knew which hero the dragon had caught.
21,638,praised,The aid worker realized which refugees the philanthropist had praised.,The aid worker realized which philanthropist the refugees had praised.
32,980,stabbed,The jail keeper forgot which guard the prisoner had stabbed.,The jail keeper forgot which prisoner the guard had stabbed.
47,1528,swallowed,The boatman saw which diver the shark had swallowed.,The boatman saw which shark the diver had swallowed.
52,1725,interviewed,The policeman knew which detective the suspect had interviewed.,The policeman knew which suspect the detective had interviewed.
53,1749,scared,The priest knew which demon the exorcist had scared.,The priest knew which exorcist the demon had scared.
60,2039,assaulted,The security guard investigated which loiterer the patrolman had assaulted.,The security guard investigated which patrolman the loiterer had assaulted.
53,1761,summoned,The priest knew which exorcist the demon had summoned.,The priest knew which demon the exorcist had summoned.
10,263,evaded,The housekeeper showed which cat the mouse had evaded.,The housekeeper showed which mouse the cat had evaded.
52,1726,lied,The policeman knew which suspect the detective had lied.,The policeman knew which detective the suspect had lied.
48,1538,elected,The committee member guessed which president the advisors had elected.,The committee member guessed which advisors the president had elected.
14,415,slapped,The birthday boy saw which clown the friend had slapped.,The birthday boy saw which friend the clown had slapped.
4,97,beheaded,The historian documented which prince the assassin had beheaded.,The historian documented which assassin the prince had beheaded.
55,1847,gotten,Teresa knew which parrot the neighbor had gotten.,Teresa knew which neighbor the parrot had gotten.
49,1590,hurt,The farmer indicated which townsperson the donkey had hurt.,The farmer indicated which donkey the townsperson had hurt.
48,1563,voted,The committee member guessed which advisors the president had voted.,The committee member guessed which president the advisors had voted.
49,1589,spit,The farmer indicated which donkey the townsperson had spit.,The farmer indicated which townsperson the donkey had spit.
50,1625,directed,The military man knew which general the soldiers had directed.,The military man knew which soldiers the general had directed.
20,626,hugged,The wildlife curator mentioned which ape the zookeeper had hugged.,The wildlife curator mentioned which zookeeper the ape had hugged.
31,950,named,The investigator discovered which couple the abductor had named.,The investigator discovered which abductor the couple had named.
12,324,been studied by,The researcher learned which whale the biologist had been studied by.,The researcher learned which biologist the whale had been studied by.
12,340,killed,The researcher learned which biologist the whale had killed.,The researcher learned which whale the biologist had killed.
38,1193,bothered,The campaign volunteer speculated which voters the mayor had bothered.,The campaign volunteer speculated which mayor the voters had bothered.
2,45,spoken,The old widower remembered which villager the ghost had spoken.,The old widower remembered which ghost the villager had spoken.
32,985,invited,The jail keeper forgot which prisoner the guard had invited.,The jail keeper forgot which guard the prisoner had invited.
57,1911,owned,The cotton farmer wondered which master the slave had owned.,The cotton farmer wondered which slave the master had owned.
38,1206,endorsed,The campaign volunteer speculated which mayor the voters had endorsed.,The campaign volunteer speculated which voters the mayor had endorsed.
37,1190,slept,The broadcaster explained which judge the contestant had slept.,The broadcaster explained which contestant the judge had slept.
12,329,recorded,The researcher learned which whale the biologist had recorded.,The researcher learned which biologist the whale had recorded.
53,1755,called,The priest knew which demon the exorcist had called.,The priest knew which exorcist the demon had called.
21,668,loved,The aid worker realized which philanthropist the refugees had loved.,The aid worker realized which refugees the philanthropist had loved.
29,903,married,The costume designer confirmed which actor the barber had married.,The costume designer confirmed which barber the actor had married.
8,193,spoken,The restaurant owner forgot which customer the waitress had spoken.,The restaurant owner forgot which waitress the customer had spoken.
44,1446,killed,The queen recognized which comedian the nobleman had killed.,The queen recognized which nobleman the comedian had killed.
44,1436,argued,The queen recognized which comedian the nobleman had argued.,The queen recognized which nobleman the comedian had argued.
53,1744,fought,The priest knew which demon the exorcist had fought.,The priest knew which exorcist the demon had fought.
51,1670,identified,The parole officer confirmed which psychologist the delinquent had identified.,The parole officer confirmed which delinquent the psychologist had identified.
47,1522,punched,The boatman saw which diver the shark had punched.,The boatman saw which shark the diver had punched.
31,959,noticed,The investigator discovered which abductor the couple had noticed.,The investigator discovered which couple the abductor had noticed.
22,670,met,The camper reported which bear the girl had met.,The camper reported which girl the bear had met.
51,1665,selected,The parole officer confirmed which psychologist the delinquent had selected.,The parole officer confirmed which delinquent the psychologist had selected.
17,493,tripped,The police officer noted which burglar the jeweler had tripped.,The police officer noted which jeweler the burglar had tripped.
21,654,stolen,The aid worker realized which refugees the philanthropist had stolen.,The aid worker realized which philanthropist the refugees had stolen.
32,1005,written up,The jail keeper forgot which guard the prisoner had written up.,The jail keeper forgot which prisoner the guard had written up.
23,714,accosted,The dance instructor noticed which onlookers the performers had accosted.,The dance instructor noticed which performers the onlookers had accosted.
8,185,stiffed,The restaurant owner forgot which customer the waitress had stiffed.,The restaurant owner forgot which waitress the customer had stiffed.
52,1697,singled out,The policeman knew which suspect the detective had singled out.,The policeman knew which detective the suspect had singled out.
44,1456,approved,The queen recognized which comedian the nobleman had approved.,The queen recognized which nobleman the comedian had approved.
41,1301,been,The opera composer revealed which singer the pirate had been.,The opera composer revealed which pirate the singer had been.
8,208,spilt,The restaurant owner forgot which customer the waitress had spilt.,The restaurant owner forgot which waitress the customer had spilt.
46,1504,mutilated,The ape researcher identified which poacher the chimpanzee had mutilated.,The ape researcher identified which chimpanzee the poacher had mutilated.
27,837,talked,The travel agent recorded which innkeeper the guests had talked.,The travel agent recorded which guests the innkeeper had talked.
27,814,hosted,The travel agent recorded which innkeeper the guests had hosted.,The travel agent recorded which guests the innkeeper had hosted.
41,1309,seen,The opera composer revealed which singer the pirate had seen.,The opera composer revealed which pirate the singer had seen.
58,1961,given,The farmhand recorded which goats the breeder had given.,The farmhand recorded which breeder the goats had given.
50,1635,commanded,The military man knew which soldiers the general had commanded.,The military man knew which general the soldiers had commanded.
42,1377,molested,The prison warden guessed which jailer the inmate had molested.,The prison warden guessed which inmate the jailer had molested.
13,362,talked,Tracy announced which administrator the applicant had talked.,Tracy announced which applicant the administrator had talked.
53,1766,hurt,The priest knew which exorcist the demon had hurt.,The priest knew which demon the exorcist had hurt.
44,1426,seen,The queen recognized which nobleman the comedian had seen.,The queen recognized which comedian the nobleman had seen.
34,1069,run,The sheriff recalled which locals the gangsters had run.,The sheriff recalled which gangsters the locals had run.
23,694,looked,The dance instructor noticed which performers the onlookers had looked.,The dance instructor noticed which onlookers the performers had looked.
22,671,eaten,The camper reported which bear the girl had eaten.,The camper reported which girl the bear had eaten.
35,1096,noticed,The undead king recognized which woman the zombie had noticed.,The undead king recognized which zombie the woman had noticed.
60,2005,abducted,The security guard investigated which patrolman the loiterer had abducted.,The security guard investigated which loiterer the patrolman had abducted.
13,346,awarded,Tracy announced which applicant the administrator had awarded.,Tracy announced which administrator the applicant had awarded.
38,1214,voted for,The campaign volunteer speculated which mayor the voters had voted for.,The campaign volunteer speculated which voters the mayor had voted for.
6,146,caught,The judo master recognized which assailant the defender had caught.,The judo master recognized which defender the assailant had caught.
50,1631,banished,The military man knew which soldiers the general had banished.,The military man knew which general the soldiers had banished.
45,1471,stolen,The reporter inquired which groomer the animals had stolen.,The reporter inquired which animals the groomer had stolen.
54,1805,hit,Jack observed which conductor the passenger had hit.,Jack observed which passenger the conductor had hit.
18,525,watched,The royal cook asked which lord the chef had watched.,The royal cook asked which chef the lord had watched.
22,675,scratched,The camper reported which girl the bear had scratched.,The camper reported which bear the girl had scratched.
11,313,slept,The nanny knew which billionaire the housekeeper had slept.,The nanny knew which housekeeper the billionaire had slept.
23,699,looked at,The dance instructor noticed which performers the onlookers had looked at.,The dance instructor noticed which onlookers the performers had looked at.
30,918,squashed,The Indian king identified which elephant the prince had squashed.,The Indian king identified which prince the elephant had squashed.
28,883,bitten,The bird watcher saw which hawk the photographer had bitten.,The bird watcher saw which photographer the hawk had bitten.
33,1027,speared,The sailor saw which man the whale had speared.,The sailor saw which whale the man had speared.
4,88,evaded,The historian documented which assassin the prince had evaded.,The historian documented which prince the assassin had evaded.
55,1864,loved,Teresa knew which parrot the neighbor had loved.,Teresa knew which neighbor the parrot had loved.
1,4,come,The librarian documented which journalist the celebrities had come.,The librarian documented which celebrities the journalist had come.
39,1228,mentioned,The family counselor understood which stepparent the daughter had mentioned.,The family counselor understood which daughter the stepparent had mentioned.
27,835,paid,The travel agent recorded which innkeeper the guests had paid.,The travel agent recorded which guests the innkeeper had paid.
36,1112,exhumed,Tonia explained which housewife the conman had exhumed.,Tonia explained which conman the housewife had exhumed.
54,1782,met with,Jack observed which passenger the conductor had met with.,Jack observed which conductor the passenger had met with.
47,1533,bitten,The boatman saw which diver the shark had bitten.,The boatman saw which shark the diver had bitten.
13,353,talked to,Tracy announced which administrator the applicant had talked to.,Tracy announced which applicant the administrator had talked to.
49,1583,owned,The farmer indicated which townsperson the donkey had owned.,The farmer indicated which donkey the townsperson had owned.
27,830,stayed,The travel agent recorded which innkeeper the guests had stayed.,The travel agent recorded which guests the innkeeper had stayed.
40,1294,eluded,The newscaster confirmed which fugitive the policeman had eluded.,The newscaster confirmed which policeman the fugitive had eluded.
22,674,witnessed,The camper reported which girl the bear had witnessed.,The camper reported which bear the girl had witnessed.
53,1731,met,The priest knew which exorcist the demon had met.,The priest knew which demon the exorcist had met.
34,1064,complained,The sheriff recalled which gangsters the locals had complained.,The sheriff recalled which locals the gangsters had complained.
41,1312,dated,The opera composer revealed which singer the pirate had dated.,The opera composer revealed which pirate the singer had dated.
7,180,killed,The naturalist observed which predators the deer had killed.,The naturalist observed which deer the predators had killed.
20,616,cared,The wildlife curator mentioned which zookeeper the ape had cared.,The wildlife curator mentioned which ape the zookeeper had cared.
21,649,sought,The aid worker realized which refugees the philanthropist had sought.,The aid worker realized which philanthropist the refugees had sought.
11,308,defiled,The nanny knew which housekeeper the billionaire had defiled.,The nanny knew which billionaire the housekeeper had defiled.
28,887,hurt,The bird watcher saw which hawk the photographer had hurt.,The bird watcher saw which photographer the hawk had hurt.
31,947,murdered,The investigator discovered which abductor the couple had murdered.,The investigator discovered which couple the abductor had murdered.
12,318,left,The researcher learned which biologist the whale had left.,The researcher learned which whale the biologist had left.
6,140,fought,The judo master recognized which defender the assailant had fought.,The judo master recognized which assailant the defender had fought.
16,469,followed,The documentarian showed which piglets the agriculturalist had followed.,The documentarian showed which agriculturalist the piglets had followed.
27,818,visited,The travel agent recorded which innkeeper the guests had visited.,The travel agent recorded which guests the innkeeper had visited.
15,448,bashed,The columnist publicized which photographer the celebrity had bashed.,The columnist publicized which celebrity the photographer had bashed.
56,1901,posed,The art critic identified which model the artist had posed.,The art critic identified which artist the model had posed.
34,1065,mugged,The sheriff recalled which gangsters the locals had mugged.,The sheriff recalled which locals the gangsters had mugged.
33,1024,fought,The sailor saw which man the whale had fought.,The sailor saw which whale the man had fought.
2,42,frightened,The old widower remembered which villager the ghost had frightened.,The old widower remembered which ghost the villager had frightened.
15,441,hit,The columnist publicized which photographer the celebrity had hit.,The columnist publicized which celebrity the photographer had hit.
16,456,eaten,The documentarian showed which agriculturalist the piglets had eaten.,The documentarian showed which piglets the agriculturalist had eaten.
58,1948,come from,The farmhand recorded which breeder the goats had come from.,The farmhand recorded which goats the breeder had come from.
37,1180,accused,The broadcaster explained which contestant the judge had accused.,The broadcaster explained which judge the contestant had accused.
50,1641,scalded,The military man knew which soldiers the general had scalded.,The military man knew which general the soldiers had scalded.
23,705,danced,The dance instructor noticed which performers the onlookers had danced.,The dance instructor noticed which onlookers the performers had danced.
49,1594,hit,The farmer indicated which townsperson the donkey had hit.,The farmer indicated which donkey the townsperson had hit.
12,317,disliked,The researcher learned which biologist the whale had disliked.,The researcher learned which whale the biologist had disliked.
15,450,assaulted,The columnist publicized which celebrity the photographer had assaulted.,The columnist publicized which photographer the celebrity had assaulted.
55,1846,complained,Teresa knew which neighbor the parrot had complained.,Teresa knew which parrot the neighbor had complained.
5,131,sprayed,The park ranger documented which hunter the eagle had sprayed.,The park ranger documented which eagle the hunter had sprayed.
20,620,jailed,The wildlife curator mentioned which ape the zookeeper had jailed.,The wildlife curator mentioned which zookeeper the ape had jailed.
45,1485,loved,The reporter inquired which animals the groomer had loved.,The reporter inquired which groomer the animals had loved.
6,157,cried,The judo master recognized which assailant the defender had cried.,The judo master recognized which defender the assailant had cried.
42,1372,killed,The prison warden guessed which jailer the inmate had killed.,The prison warden guessed which inmate the jailer had killed.
11,301,called,The nanny knew which housekeeper the billionaire had called.,The nanny knew which billionaire the housekeeper had called.
60,2034,accused,The security guard investigated which patrolman the loiterer had accused.,The security guard investigated which loiterer the patrolman had accused.
32,983,spoken,The jail keeper forgot which guard the prisoner had spoken.,The jail keeper forgot which prisoner the guard had spoken.
40,1296,observed,The newscaster confirmed which fugitive the policeman had observed.,The newscaster confirmed which policeman the fugitive had observed.
35,1098,become,The undead king recognized which zombie the woman had become.,The undead king recognized which woman the zombie had become.
7,158,eaten,The naturalist observed which predators the deer had eaten.,The naturalist observed which deer the predators had eaten.
9,222,fondled,The head nun explained which friar the temptress had fondled.,The head nun explained which temptress the friar had fondled.
32,971,left,The jail keeper forgot which prisoner the guard had left.,The jail keeper forgot which guard the prisoner had left.
6,144,recognized,The judo master recognized which defender the assailant had recognized.,The judo master recognized which assailant the defender had recognized.
41,1308,sung,The opera composer revealed which singer the pirate had sung.,The opera composer revealed which pirate the singer had sung.
50,1645,served,The military man knew which general the soldiers had served.,The military man knew which soldiers the general had served.
32,1010,imprisoned,The jail keeper forgot which guard the prisoner had imprisoned.,The jail keeper forgot which prisoner the guard had imprisoned.
54,1806,run,Jack observed which conductor the passenger had run.,Jack observed which passenger the conductor had run.
4,81,visited,The historian documented which prince the assassin had visited.,The historian documented which assassin the prince had visited.
50,1628,complained,The military man knew which general the soldiers had complained.,The military man knew which soldiers the general had complained.
37,1165,rewarded,The broadcaster explained which contestant the judge had rewarded.,The broadcaster explained which judge the contestant had rewarded.
21,659,noticed,The aid worker realized which refugees the philanthropist had noticed.,The aid worker realized which philanthropist the refugees had noticed.
24,730,punched,The high schooler heard which geek the jock had punched.,The high schooler heard which jock the geek had punched.
36,1128,experienced,Tonia explained which housewife the conman had experienced.,Tonia explained which conman the housewife had experienced.
11,289,slept with,The nanny knew which billionaire the housekeeper had slept with.,The nanny knew which housekeeper the billionaire had slept with.
37,1177,fooled,The broadcaster explained which contestant the judge had fooled.,The broadcaster explained which judge the contestant had fooled.
8,205,argued,The restaurant owner forgot which customer the waitress had argued.,The restaurant owner forgot which waitress the customer had argued.
32,995,called,The jail keeper forgot which guard the prisoner had called.,The jail keeper forgot which prisoner the guard had called.
33,1029,jumped in front of,The sailor saw which whale the man had jumped in front of.,The sailor saw which man the whale had jumped in front of.
10,262,defeated,The housekeeper showed which mouse the cat had defeated.,The housekeeper showed which cat the mouse had defeated.
59,1976,eaten,The four-year-old knew which hero the dragon had eaten.,The four-year-old knew which dragon the hero had eaten.
53,1740,performed,The priest knew which demon the exorcist had performed.,The priest knew which exorcist the demon had performed.
27,824,bribed,The travel agent recorded which guests the innkeeper had bribed.,The travel agent recorded which innkeeper the guests had bribed.
4,79,avoided,The historian documented which prince the assassin had avoided.,The historian documented which assassin the prince had avoided.
25,772,saved,The parent saw which child the lifeguard had saved.,The parent saw which lifeguard the child had saved.
1,17,trusted,The librarian documented which celebrities the journalist had trusted.,The librarian documented which journalist the celebrities had trusted.
59,1991,written,The four-year-old knew which hero the dragon had written.,The four-year-old knew which dragon the hero had written.
48,1552,discussed,The committee member guessed which president the advisors had discussed.,The committee member guessed which advisors the president had discussed.
10,258,attacked,The housekeeper showed which mouse the cat had attacked.,The housekeeper showed which cat the mouse had attacked.
9,219,teased,The head nun explained which temptress the friar had teased.,The head nun explained which friar the temptress had teased.
14,384,visited,The birthday boy saw which clown the friend had visited.,The birthday boy saw which friend the clown had visited.
35,1100,bitten,The undead king recognized which zombie the woman had bitten.,The undead king recognized which woman the zombie had bitten.
10,267,played,The housekeeper showed which cat the mouse had played.,The housekeeper showed which mouse the cat had played.
37,1179,judged,The broadcaster explained which judge the contestant had judged.,The broadcaster explained which contestant the judge had judged.
44,1428,entertained,The queen recognized which comedian the nobleman had entertained.,The queen recognized which nobleman the comedian had entertained.
36,1125,duped,Tonia explained which conman the housewife had duped.,Tonia explained which housewife the conman had duped.
44,1433,requested,The queen recognized which comedian the nobleman had requested.,The queen recognized which nobleman the comedian had requested.
20,596,visited,The wildlife curator mentioned which zookeeper the ape had visited.,The wildlife curator mentioned which ape the zookeeper had visited.
32,998,misplaced,The jail keeper forgot which prisoner the guard had misplaced.,The jail keeper forgot which guard the prisoner had misplaced.
58,1952,admired,The farmhand recorded which breeder the goats had admired.,The farmhand recorded which goats the breeder had admired.
20,588,eaten,The wildlife curator mentioned which ape the zookeeper had eaten.,The wildlife curator mentioned which zookeeper the ape had eaten.
60,2001,visited,The security guard investigated which loiterer the patrolman had visited.,The security guard investigated which patrolman the loiterer had visited.
60,2004,committed,The security guard investigated which loiterer the patrolman had committed.,The security guard investigated which patrolman the loiterer had committed.
17,501,arrested,The police officer noted which burglar the jeweler had arrested.,The police officer noted which jeweler the burglar had arrested.
37,1167,enjoyed,The broadcaster explained which contestant the judge had enjoyed.,The broadcaster explained which judge the contestant had enjoyed.
6,141,abused,The judo master recognized which assailant the defender had abused.,The judo master recognized which defender the assailant had abused.
5,111,been,The park ranger documented which hunter the eagle had been.,The park ranger documented which eagle the hunter had been.
34,1057,blamed,The sheriff recalled which gangsters the locals had blamed.,The sheriff recalled which locals the gangsters had blamed.
34,1052,attacked,The sheriff recalled which locals the gangsters had attacked.,The sheriff recalled which gangsters the locals had attacked.
38,1221,lost,The campaign volunteer speculated which mayor the voters had lost.,The campaign volunteer speculated which voters the mayor had lost.
54,1783,seen,Jack observed which conductor the passenger had seen.,Jack observed which passenger the conductor had seen.
55,1851,talked,Teresa knew which neighbor the parrot had talked.,Teresa knew which parrot the neighbor had talked.
10,264,chased,The housekeeper showed which mouse the cat had chased.,The housekeeper showed which cat the mouse had chased.
54,1791,waved to,Jack observed which conductor the passenger had waved to.,Jack observed which passenger the conductor had waved to.
38,1202,campaigned,The campaign volunteer speculated which mayor the voters had campaigned.,The campaign volunteer speculated which voters the mayor had campaigned.
48,1548,consulted,The committee member guessed which president the advisors had consulted.,The committee member guessed which advisors the president had consulted.
25,769,heard,The parent saw which child the lifeguard had heard.,The parent saw which lifeguard the child had heard.
34,1045,helped,The sheriff recalled which gangsters the locals had helped.,The sheriff recalled which locals the gangsters had helped.
43,1382,enthralled,The producer observed which viewers the acrobats had enthralled.,The producer observed which acrobats the viewers had enthralled.
11,295,screwed,The nanny knew which billionaire the housekeeper had screwed.,The nanny knew which housekeeper the billionaire had screwed.
13,347,seen,Tracy announced which administrator the applicant had seen.,Tracy announced which applicant the administrator had seen.
55,1830,kept,Teresa knew which parrot the neighbor had kept.,Teresa knew which neighbor the parrot had kept.
20,627,tranquilized,The wildlife curator mentioned which zookeeper the ape had tranquilized.,The wildlife curator mentioned which ape the zookeeper had tranquilized.
26,786,punished,The ringmaster recognized which cheetah the tamer had punished.,The ringmaster recognized which tamer the cheetah had punished.
40,1280,spoken,The newscaster confirmed which policeman the fugitive had spoken.,The newscaster confirmed which fugitive the policeman had spoken.
57,1917,evaded,The cotton farmer wondered which master the slave had evaded.,The cotton farmer wondered which slave the master had evaded.
60,1999,burglarized,The security guard investigated which patrolman the loiterer had burglarized.,The security guard investigated which loiterer the patrolman had burglarized.
12,338,bitten,The researcher learned which whale the biologist had bitten.,The researcher learned which biologist the whale had bitten.
18,522,taught,The royal cook asked which chef the lord had taught.,The royal cook asked which lord the chef had taught.
42,1347,punched,The prison warden guessed which jailer the inmate had punched.,The prison warden guessed which inmate the jailer had punched.
2,38,killed,The old widower remembered which ghost the villager had killed.,The old widower remembered which villager the ghost had killed.
54,1820,confronted,Jack observed which conductor the passenger had confronted.,Jack observed which passenger the conductor had confronted.
32,989,turned in,The jail keeper forgot which prisoner the guard had turned in.,The jail keeper forgot which guard the prisoner had turned in.
33,1030,identified,The sailor saw which whale the man had identified.,The sailor saw which man the whale had identified.
30,929,belonged to,The Indian king identified which elephant the prince had belonged to.,The Indian king identified which prince the elephant had belonged to.
9,238,fingered,The head nun explained which temptress the friar had fingered.,The head nun explained which friar the temptress had fingered.
41,1305,abducted,The opera composer revealed which pirate the singer had abducted.,The opera composer revealed which singer the pirate had abducted.
31,962,killed,The investigator discovered which abductor the couple had killed.,The investigator discovered which couple the abductor had killed.
56,1895,photographed,The art critic identified which artist the model had photographed.,The art critic identified which model the artist had photographed.
44,1447,spoofed,The queen recognized which comedian the nobleman had spoofed.,The queen recognized which nobleman the comedian had spoofed.
46,1488,shot at,The ape researcher identified which chimpanzee the poacher had shot at.,The ape researcher identified which poacher the chimpanzee had shot at.
28,867,spotted,The bird watcher saw which photographer the hawk had spotted.,The bird watcher saw which hawk the photographer had spotted.
19,576,injured,The trapeze artist indicated which lion the trainer had injured.,The trapeze artist indicated which trainer the lion had injured.
25,755,found,The parent saw which lifeguard the child had found.,The parent saw which child the lifeguard had found.
60,2023,pictured,The security guard investigated which loiterer the patrolman had pictured.,The security guard investigated which patrolman the loiterer had pictured.
60,2017,arrested,The security guard investigated which loiterer the patrolman had arrested.,The security guard investigated which patrolman the loiterer had arrested.
59,1982,breathed on,The four-year-old knew which hero the dragon had breathed on.,The four-year-old knew which dragon the hero had breathed on.
15,436,hired,The columnist publicized which photographer the celebrity had hired.,The columnist publicized which celebrity the photographer had hired.
58,1958,wanted,The farmhand recorded which breeder the goats had wanted.,The farmhand recorded which goats the breeder had wanted.
36,1122,hired,Tonia explained which housewife the conman had hired.,Tonia explained which conman the housewife had hired.
3,72,burnt,The firefighter reported which victim the paramedic had burnt.,The firefighter reported which paramedic the victim had burnt.
43,1413,liked,The producer observed which acrobats the viewers had liked.,The producer observed which viewers the acrobats had liked.
18,527,addressed,The royal cook asked which lord the chef had addressed.,The royal cook asked which chef the lord had addressed.
3,56,taken,The firefighter reported which victim the paramedic had taken.,The firefighter reported which paramedic the victim had taken.
28,879,caught,The bird watcher saw which photographer the hawk had caught.,The bird watcher saw which hawk the photographer had caught.
21,652,paid,The aid worker realized which refugees the philanthropist had paid.,The aid worker realized which philanthropist the refugees had paid.
51,1684,hurt,The parole officer confirmed which delinquent the psychologist had hurt.,The parole officer confirmed which psychologist the delinquent had hurt.
17,510,caught,The police officer noted which jeweler the burglar had caught.,The police officer noted which burglar the jeweler had caught.
43,1390,amazed,The producer observed which acrobats the viewers had amazed.,The producer observed which viewers the acrobats had amazed.
31,960,discovered,The investigator discovered which couple the abductor had discovered.,The investigator discovered which abductor the couple had discovered.
27,813,praised,The travel agent recorded which guests the innkeeper had praised.,The travel agent recorded which innkeeper the guests had praised.
26,809,fondled,The ringmaster recognized which cheetah the tamer had fondled.,The ringmaster recognized which tamer the cheetah had fondled.
54,1801,identified,Jack observed which passenger the conductor had identified.,Jack observed which conductor the passenger had identified.
12,325,examined,The researcher learned which biologist the whale had examined.,The researcher learned which whale the biologist had examined.
56,1879,crafted,The art critic identified which model the artist had crafted.,The art critic identified which artist the model had crafted.
48,1568,picked,The committee member guessed which advisors the president had picked.,The committee member guessed which president the advisors had picked.
23,696,performed,The dance instructor noticed which onlookers the performers had performed.,The dance instructor noticed which performers the onlookers had performed.
48,1543,bribed,The committee member guessed which advisors the president had bribed.,The committee member guessed which president the advisors had bribed.
52,1699,shot,The policeman knew which detective the suspect had shot.,The policeman knew which suspect the detective had shot.
60,2037,killed,The security guard investigated which patrolman the loiterer had killed.,The security guard investigated which loiterer the patrolman had killed.
33,1034,ridden,The sailor saw which man the whale had ridden.,The sailor saw which whale the man had ridden.
60,2022,trampled,The security guard investigated which loiterer the patrolman had trampled.,The security guard investigated which patrolman the loiterer had trampled.
1,8,written about,The librarian documented which celebrities the journalist had written about.,The librarian documented which journalist the celebrities had written about.
14,414,picked,The birthday boy saw which friend the clown had picked.,The birthday boy saw which clown the friend had picked.
9,248,assaulted,The head nun explained which friar the temptress had assaulted.,The head nun explained which temptress the friar had assaulted.
16,460,attacked,The documentarian showed which agriculturalist the piglets had attacked.,The documentarian showed which piglets the agriculturalist had attacked.
3,57,attacked,The firefighter reported which victim the paramedic had attacked.,The firefighter reported which paramedic the victim had attacked.
56,1887,enjoyed,The art critic identified which artist the model had enjoyed.,The art critic identified which model the artist had enjoyed.
54,1802,talked,Jack observed which conductor the passenger had talked.,Jack observed which passenger the conductor had talked.
16,481,filmed,The documentarian showed which piglets the agriculturalist had filmed.,The documentarian showed which agriculturalist the piglets had filmed.
7,159,hidden,The naturalist observed which deer the predators had hidden.,The naturalist observed which predators the deer had hidden.
42,1355,abused,The prison warden guessed which jailer the inmate had abused.,The prison warden guessed which inmate the jailer had abused.
39,1240,selected,The family counselor understood which stepparent the daughter had selected.,The family counselor understood which daughter the stepparent had selected.
46,1493,seen,The ape researcher identified which chimpanzee the poacher had seen.,The ape researcher identified which poacher the chimpanzee had seen.
22,685,noticed,The camper reported which girl the bear had noticed.,The camper reported which bear the girl had noticed.
38,1207,selected,The campaign volunteer speculated which mayor the voters had selected.,The campaign volunteer speculated which voters the mayor had selected.
16,464,murdered,The documentarian showed which piglets the agriculturalist had murdered.,The documentarian showed which agriculturalist the piglets had murdered.
27,823,seen,The travel agent recorded which guests the innkeeper had seen.,The travel agent recorded which innkeeper the guests had seen.
50,1615,assassinated,The military man knew which soldiers the general had assassinated.,The military man knew which general the soldiers had assassinated.
21,647,talked to,The aid worker realized which philanthropist the refugees had talked to.,The aid worker realized which refugees the philanthropist had talked to.
55,1838,throttled,Teresa knew which parrot the neighbor had throttled.,Teresa knew which neighbor the parrot had throttled.
32,974,seen,The jail keeper forgot which prisoner the guard had seen.,The jail keeper forgot which guard the prisoner had seen.
4,101,captured,The historian documented which prince the assassin had captured.,The historian documented which assassin the prince had captured.
4,95,lavished,The historian documented which prince the assassin had lavished.,The historian documented which assassin the prince had lavished.
11,312,had,The nanny knew which billionaire the housekeeper had had.,The nanny knew which housekeeper the billionaire had had.
57,1913,raped,The cotton farmer wondered which master the slave had raped.,The cotton farmer wondered which slave the master had raped.
25,759,left,The parent saw which lifeguard the child had left.,The parent saw which child the lifeguard had left.
10,274,annoyed,The housekeeper showed which cat the mouse had annoyed.,The housekeeper showed which mouse the cat had annoyed.
32,970,attacked,The jail keeper forgot which guard the prisoner had attacked.,The jail keeper forgot which prisoner the guard had attacked.
32,976,bribed,The jail keeper forgot which guard the prisoner had bribed.,The jail keeper forgot which prisoner the guard had bribed.
15,421,hated,The columnist publicized which photographer the celebrity had hated.,The columnist publicized which celebrity the photographer had hated.
24,748,assaulted,The high schooler heard which jock the geek had assaulted.,The high schooler heard which geek the jock had assaulted.
27,838,noticed,The travel agent recorded which innkeeper the guests had noticed.,The travel agent recorded which guests the innkeeper had noticed.
32,978,knifed,The jail keeper forgot which prisoner the guard had knifed.,The jail keeper forgot which guard the prisoner had knifed.
42,1360,scammed,The prison warden guessed which jailer the inmate had scammed.,The prison warden guessed which inmate the jailer had scammed.
44,1414,insulted,The queen recognized which nobleman the comedian had insulted.,The queen recognized which comedian the nobleman had insulted.
54,1778,boarded,Jack observed which conductor the passenger had boarded.,Jack observed which passenger the conductor had boarded.
17,496,looked at,The police officer noted which jeweler the burglar had looked at.,The police officer noted which burglar the jeweler had looked at.
48,1541,seen,The committee member guessed which advisors the president had seen.,The committee member guessed which president the advisors had seen.
50,1616,listened,The military man knew which general the soldiers had listened.,The military man knew which soldiers the general had listened.
34,1062,hired,The sheriff recalled which gangsters the locals had hired.,The sheriff recalled which locals the gangsters had hired.
54,1785,singled,Jack observed which conductor the passenger had singled.,Jack observed which passenger the conductor had singled.
42,1349,murdered,The prison warden guessed which jailer the inmate had murdered.,The prison warden guessed which inmate the jailer had murdered.
18,542,cooked,The royal cook asked which chef the lord had cooked.,The royal cook asked which lord the chef had cooked.
56,1902,liked,The art critic identified which model the artist had liked.,The art critic identified which artist the model had liked.
4,89,spoken,The historian documented which assassin the prince had spoken.,The historian documented which prince the assassin had spoken.
28,864,snatched,The bird watcher saw which photographer the hawk had snatched.,The bird watcher saw which hawk the photographer had snatched.
47,1534,killed,The boatman saw which shark the diver had killed.,The boatman saw which diver the shark had killed.
24,732,dated,The high schooler heard which geek the jock had dated.,The high schooler heard which jock the geek had dated.
41,1320,depicted,The opera composer revealed which pirate the singer had depicted.,The opera composer revealed which singer the pirate had depicted.
23,719,embarrassed,The dance instructor noticed which performers the onlookers had embarrassed.,The dance instructor noticed which onlookers the performers had embarrassed.
20,610,washed,The wildlife curator mentioned which zookeeper the ape had washed.,The wildlife curator mentioned which ape the zookeeper had washed.
33,1042,slain,The sailor saw which man the whale had slain.,The sailor saw which whale the man had slain.
33,1018,hunted,The sailor saw which man the whale had hunted.,The sailor saw which whale the man had hunted.
9,212,blessed,The head nun explained which temptress the friar had blessed.,The head nun explained which friar the temptress had blessed.
54,1819,chastised,Jack observed which conductor the passenger had chastised.,Jack observed which passenger the conductor had chastised.
41,1318,flown,The opera composer revealed which singer the pirate had flown.,The opera composer revealed which pirate the singer had flown.
60,2025,accosted,The security guard investigated which patrolman the loiterer had accosted.,The security guard investigated which loiterer the patrolman had accosted.
46,1495,struck,The ape researcher identified which poacher the chimpanzee had struck.,The ape researcher identified which chimpanzee the poacher had struck.
3,73,killed,The firefighter reported which paramedic the victim had killed.,The firefighter reported which victim the paramedic had killed.
16,473,befriended,The documentarian showed which agriculturalist the piglets had befriended.,The documentarian showed which piglets the agriculturalist had befriended.
41,1323,hurt,The opera composer revealed which pirate the singer had hurt.,The opera composer revealed which singer the pirate had hurt.
58,1950,followed,The farmhand recorded which goats the breeder had followed.,The farmhand recorded which breeder the goats had followed.
60,2021,spoken,The security guard investigated which patrolman the loiterer had spoken.,The security guard investigated which loiterer the patrolman had spoken.
35,1099,resurrected,The undead king recognized which woman the zombie had resurrected.,The undead king recognized which zombie the woman had resurrected.
14,396,invited,The birthday boy saw which friend the clown had invited.,The birthday boy saw which clown the friend had invited.
35,1088,attacked,The undead king recognized which zombie the woman had attacked.,The undead king recognized which woman the zombie had attacked.
41,1333,captured,The opera composer revealed which pirate the singer had captured.,The opera composer revealed which singer the pirate had captured.
44,1450,talked about,The queen recognized which comedian the nobleman had talked about.,The queen recognized which nobleman the comedian had talked about.
16,462,spotted,The documentarian showed which piglets the agriculturalist had spotted.,The documentarian showed which agriculturalist the piglets had spotted.
42,1351,knifed,The prison warden guessed which inmate the jailer had knifed.,The prison warden guessed which jailer the inmate had knifed.
50,1618,seen,The military man knew which general the soldiers had seen.,The military man knew which soldiers the general had seen.
58,1971,milked,The farmhand recorded which goats the breeder had milked.,The farmhand recorded which breeder the goats had milked.
20,587,met,The wildlife curator mentioned which zookeeper the ape had met.,The wildlife curator mentioned which ape the zookeeper had met.
32,977,murdered,The jail keeper forgot which prisoner the guard had murdered.,The jail keeper forgot which guard the prisoner had murdered.
54,1773,stopped,Jack observed which conductor the passenger had stopped.,Jack observed which passenger the conductor had stopped.
26,787,hoped,The ringmaster recognized which tamer the cheetah had hoped.,The ringmaster recognized which cheetah the tamer had hoped.
3,71,hit,The firefighter reported which paramedic the victim had hit.,The firefighter reported which victim the paramedic had hit.
34,1078,assaulted,The sheriff recalled which locals the gangsters had assaulted.,The sheriff recalled which gangsters the locals had assaulted.
39,1258,picked,The family counselor understood which daughter the stepparent had picked.,The family counselor understood which stepparent the daughter had picked.
60,1998,avoided,The security guard investigated which patrolman the loiterer had avoided.,The security guard investigated which loiterer the patrolman had avoided.
14,388,betrayed,The birthday boy saw which clown the friend had betrayed.,The birthday boy saw which friend the clown had betrayed.
46,1507,mimicked,The ape researcher identified which chimpanzee the poacher had mimicked.,The ape researcher identified which poacher the chimpanzee had mimicked.
46,1492,hunted,The ape researcher identified which poacher the chimpanzee had hunted.,The ape researcher identified which chimpanzee the poacher had hunted.
30,931,ridden,The Indian king identified which elephant the prince had ridden.,The Indian king identified which prince the elephant had ridden.
14,405,touched,The birthday boy saw which friend the clown had touched.,The birthday boy saw which clown the friend had touched.
39,1225,met,The family counselor understood which daughter the stepparent had met.,The family counselor understood which stepparent the daughter had met.
31,961,captured,The investigator discovered which abductor the couple had captured.,The investigator discovered which couple the abductor had captured.
27,843,adored,The travel agent recorded which innkeeper the guests had adored.,The travel agent recorded which guests the innkeeper had adored.
56,1896,preferred,The art critic identified which artist the model had preferred.,The art critic identified which model the artist had preferred.
14,407,joked,The birthday boy saw which friend the clown had joked.,The birthday boy saw which clown the friend had joked.
19,580,beaten,The trapeze artist indicated which lion the trainer had beaten.,The trapeze artist indicated which trainer the lion had beaten.
3,63,revived,The firefighter reported which victim the paramedic had revived.,The firefighter reported which paramedic the victim had revived.
38,1195,left,The campaign volunteer speculated which mayor the voters had left.,The campaign volunteer speculated which voters the mayor had left.
44,1455,hurt,The queen recognized which nobleman the comedian had hurt.,The queen recognized which comedian the nobleman had hurt.
41,1319,admired,The opera composer revealed which pirate the singer had admired.,The opera composer revealed which singer the pirate had admired.
22,687,bitten,The camper reported which girl the bear had bitten.,The camper reported which bear the girl had bitten.
31,953,hired,The investigator discovered which couple the abductor had hired.,The investigator discovered which abductor the couple had hired.
38,1201,falsified,The campaign volunteer speculated which mayor the voters had falsified.,The campaign volunteer speculated which voters the mayor had falsified.
53,1764,assaulted,The priest knew which exorcist the demon had assaulted.,The priest knew which demon the exorcist had assaulted.
44,1429,offended,The queen recognized which comedian the nobleman had offended.,The queen recognized which nobleman the comedian had offended.
53,1733,overcome,The priest knew which exorcist the demon had overcome.,The priest knew which demon the exorcist had overcome.
1,3,supported,The librarian documented which journalist the celebrities had supported.,The librarian documented which celebrities the journalist had supported.
43,1384,shown,The producer observed which viewers the acrobats had shown.,The producer observed which acrobats the viewers had shown.
50,1607,supported,The military man knew which general the soldiers had supported.,The military man knew which soldiers the general had supported.
18,548,preferred,The royal cook asked which chef the lord had preferred.,The royal cook asked which lord the chef had preferred.
40,1293,captured,The newscaster confirmed which fugitive the policeman had captured.,The newscaster confirmed which policeman the fugitive had captured.
52,1708,cornered,The policeman knew which detective the suspect had cornered.,The policeman knew which suspect the detective had cornered.
16,455,researched,The documentarian showed which agriculturalist the piglets had researched.,The documentarian showed which piglets the agriculturalist had researched.
26,799,adored,The ringmaster recognized which tamer the cheetah had adored.,The ringmaster recognized which cheetah the tamer had adored.
35,1102,slain,The undead king recognized which woman the zombie had slain.,The undead king recognized which zombie the woman had slain.
46,1511,mauled,The ape researcher identified which poacher the chimpanzee had mauled.,The ape researcher identified which chimpanzee the poacher had mauled.
42,1353,fought,The prison warden guessed which jailer the inmate had fought.,The prison warden guessed which inmate the jailer had fought.
52,1730,bragged about,The policeman knew which detective the suspect had bragged about.,The policeman knew which suspect the detective had bragged about.
55,1857,mimicked,Teresa knew which neighbor the parrot had mimicked.,Teresa knew which parrot the neighbor had mimicked.
16,466,fought,The documentarian showed which piglets the agriculturalist had fought.,The documentarian showed which agriculturalist the piglets had fought.
49,1603,killed,The farmer indicated which townsperson the donkey had killed.,The farmer indicated which donkey the townsperson had killed.
1,33,liked,The librarian documented which journalist the celebrities had liked.,The librarian documented which celebrities the journalist had liked.
60,2007,let,The security guard investigated which patrolman the loiterer had let.,The security guard investigated which loiterer the patrolman had let.
51,1657,tutored,The parole officer confirmed which psychologist the delinquent had tutored.,The parole officer confirmed which delinquent the psychologist had tutored.
27,810,hated,The travel agent recorded which innkeeper the guests had hated.,The travel agent recorded which guests the innkeeper had hated.
3,53,met,The firefighter reported which paramedic the victim had met.,The firefighter reported which victim the paramedic had met.
3,62,murdered,The firefighter reported which paramedic the victim had murdered.,The firefighter reported which victim the paramedic had murdered.
36,1124,scammed,Tonia explained which housewife the conman had scammed.,Tonia explained which conman the housewife had scammed.
32,969,taken,The jail keeper forgot which guard the prisoner had taken.,The jail keeper forgot which prisoner the guard had taken.
27,812,met,The travel agent recorded which guests the innkeeper had met.,The travel agent recorded which innkeeper the guests had met.
51,1675,preferred,The parole officer confirmed which delinquent the psychologist had preferred.,The parole officer confirmed which psychologist the delinquent had preferred.
20,621,impaled,The wildlife curator mentioned which zookeeper the ape had impaled.,The wildlife curator mentioned which ape the zookeeper had impaled.
53,1734,demonized,The priest knew which demon the exorcist had demonized.,The priest knew which exorcist the demon had demonized.
16,471,escaped,The documentarian showed which piglets the agriculturalist had escaped.,The documentarian showed which agriculturalist the piglets had escaped.
50,1611,released,The military man knew which general the soldiers had released.,The military man knew which soldiers the general had released.
24,746,beaten,The high schooler heard which geek the jock had beaten.,The high schooler heard which jock the geek had beaten.
12,319,watched,The researcher learned which biologist the whale had watched.,The researcher learned which whale the biologist had watched.
41,1340,slept,The opera composer revealed which singer the pirate had slept.,The opera composer revealed which pirate the singer had slept.
55,1840,flown,Teresa knew which neighbor the parrot had flown.,Teresa knew which parrot the neighbor had flown.
48,1540,used,The committee member guessed which advisors the president had used.,The committee member guessed which president the advisors had used.
35,1103,loved,The undead king recognized which zombie the woman had loved.,The undead king recognized which woman the zombie had loved.
50,1638,enlisted,The military man knew which soldiers the general had enlisted.,The military man knew which general the soldiers had enlisted.
9,249,loved,The head nun explained which friar the temptress had loved.,The head nun explained which temptress the friar had loved.
39,1259,killed,The family counselor understood which daughter the stepparent had killed.,The family counselor understood which stepparent the daughter had killed.
34,1077,sworn,The sheriff recalled which locals the gangsters had sworn.,The sheriff recalled which gangsters the locals had sworn.
33,1032,caught,The sailor saw which whale the man had caught.,The sailor saw which man the whale had caught.
1,15,followed,The librarian documented which celebrities the journalist had followed.,The librarian documented which journalist the celebrities had followed.
48,1570,advised,The committee member guessed which president the advisors had advised.,The committee member guessed which advisors the president had advised.
19,566,practiced with,The trapeze artist indicated which trainer the lion had practiced with.,The trapeze artist indicated which lion the trainer had practiced with.
20,632,known,The wildlife curator mentioned which zookeeper the ape had known.,The wildlife curator mentioned which ape the zookeeper had known.
60,2032,kicked,The security guard investigated which patrolman the loiterer had kicked.,The security guard investigated which loiterer the patrolman had kicked.
26,806,mauled,The ringmaster recognized which cheetah the tamer had mauled.,The ringmaster recognized which tamer the cheetah had mauled.
